Observed_Forward_Price,Predicted_Forward_Price,Filtered_Beta_1,Filtered_Beta_2
3.734569580031052,0.552342083801577,3.188681327031813,0.012147705889625215
3.7600366484302645,3.187525703806302,3.405039905878253,-0.08339493981922981
3.749974553473747,3.44706888690992,3.4844897170508444,-0.11703164580601545
3.7450234647319762,3.541722252744174,3.525648237276479,-0.13336194694124176
3.765145809567386,3.5902619542914382,3.554606725444744,-0.1441632066174375
3.7639869266007415,3.6241025359074497,3.574389958872259,-0.15082165656162086
3.763754988759043,3.6468953419051235,3.588923000225896,-0.1551124236608088
3.757005283161537,3.663367779826266,3.5994511579615143,-0.15759463368032367
3.752323626670471,3.675017879042368,3.6074649114721864,-0.15894229029078621
3.7595708822364693,3.6836407638678117,3.6146959601811366,-0.15995543516853714
3.776203282285611,3.69132974693975,3.622073613787267,-0.16107464760091694
3.7771192429633444,3.699213276697974,3.62846155991597,-0.161752975010662
3.7683835552265355,3.7059078220476773,3.633452111195751,-0.16178000037499896
3.7679216614538893,3.710910588602168,3.637841550456333,-0.16153992346382115
3.758871825933971,3.715191514786483,3.6412531643670762,-0.1608332033277327
3.7630588522881876,3.718283696163502,3.6445817526925515,-0.16011280853383403
3.7340917969354845,3.721286671106046,3.646134197668766,-0.15848121836643395
3.7309806301325716,3.7221016487956224,3.6474558850288568,-0.15674704020123617
3.6926224403927708,3.7226394998151995,3.646927440519088,-0.15401989242193437
3.6160399079369787,3.7208784036792775,3.6430837903756834,-0.14945993670012034
3.6483178423578133,3.7149736856031628,3.641054043840338,-0.14592867866550904
3.628598523229006,3.711347835258641,3.6384440077158606,-0.14207356272354285
3.6283329542459026,3.7069953138273757,3.6360992320942787,-0.1383819765732799
3.6259396543400624,3.702981967215346,3.6339024887085722,-0.13478878592308804
3.6519561000093383,3.699161126913568,3.632908470979272,-0.13192777476698714
3.6990772790903823,3.6968739522527745,3.633770116485762,-0.1302056151734187
3.718923575462313,3.6969571937286436,3.635331509120586,-0.128929203418489
3.721346644251438,3.697941657222591,3.636919431608512,-0.1276865980321722
3.6773128177424708,3.6989679308106167,3.6369419900212,-0.12548478511636585
3.6838669122903918,3.6979952852626865,3.637223415591167,-0.12346388628801258
3.6943643843445058,3.697363278767854,3.6378718073327514,-0.12169326778101633
3.7032753343976688,3.697211363390583,3.6388075599553913,-0.12012284743400418
3.701548857214599,3.6974372970554166,3.63967184139293,-0.11852299757548353
3.7103962975761857,3.6975784576028174,3.640799986080256,-0.11710889100123921
3.6778185067545115,3.6980674360588424,3.640897623489333,-0.11504604143833475
3.7005609588877744,3.69723267996599,3.6417124424283456,-0.11346580044995408
3.663818023518565,3.69733324108633,3.641412586495953,-0.1111815114613735
3.6200651381135764,3.696000902588178,3.6398542590758822,-0.10810721964516017
3.676300671907076,3.6930530168774696,3.6400475543329183,-0.1061953272369015
3.7118632905043114,3.692382150205344,3.6412936695909415,-0.10498132971512489
3.694612985961697,3.693079547117144,3.642011609679997,-0.10343915427183002
3.7249702742582897,3.69310043474633,3.6435927240014374,-0.10246492006088259
3.711374531941307,3.694241202052661,3.644744075227759,-0.10122391221898705
3.6821065698265074,3.694831626457931,3.645042884876453,-0.09945298051221509
3.7010550300440697,3.694329987423673,3.645883712502051,-0.09804273594625111
3.7218305542536223,3.694533394418565,3.6472935751154747,-0.09700206772984131
3.719408659148759,3.6954728823133984,3.6486022242134326,-0.09590525666845348
3.7164946211469094,3.696285780521484,3.649800466717267,-0.09474785632432123
3.7150344115907874,3.696960886205549,3.6509331283154594,-0.09355875478009619
3.730501128804756,3.6975560822643696,3.6524694339647588,-0.09262282087189158
3.6965995771290743,3.6986693523661724,3.6530371327599123,-0.09111008913797815
3.7121075802331434,3.6985533070511263,3.6540275239304463,-0.08986311203932451
3.6926224403927708,3.6989800733385145,3.654467087470629,-0.08830299907069925
3.660737148167656,3.6987144767834668,3.65403613500882,-0.08625523916025327
3.6856241613932634,3.6973579512365693,3.654314973516518,-0.08464075433501088
3.6301904577652566,3.696907053952045,3.653087019520373,-0.08219401909766888
3.5975861956675455,3.6945731928275936,3.651024421350312,-0.07932033918667745
3.5876769486047735,3.691211711537882,3.648772326961267,-0.07639117528351164
3.6157709822932977,3.6876356556547405,3.6473722744867514,-0.07397351153717942
3.6373229671995344,3.6851428361615004,3.646618093474959,-0.07193894051873173
3.675540889674756,3.683469043351093,3.6469441760898373,-0.0705008393730887
3.666378188767423,3.6831451143570653,3.6470229220759656,-0.06895066335946005
3.6240742307478206,3.682523191681771,3.6459553086298193,-0.0668376827573561
3.7042605561522386,3.680500525856366,3.647128009172665,-0.06587525183628468
3.7297814454343623,3.6812382143881566,3.6489770009330167,-0.06524744871225338
3.7314599016490546,3.6828034435494974,3.650828485693901,-0.06461505416448071
3.723522397557476,3.6843690904201143,3.6524182823451175,-0.06385320631510469
3.6988297849671046,3.6856145371987123,3.6532926151260328,-0.0627573715897448
3.727378753264546,3.685993560386777,3.6549403406556977,-0.0620199667206412
3.7293013686128518,3.687307984099088,3.6566041140193466,-0.06128636737253903
3.7379076851812907,3.6886401757141254,3.658468732752475,-0.0606369090840808
3.735285826928092,3.6902112438661443,3.6602172561950175,-0.05993160024291026
3.7476199491365363,3.691640972670344,3.6622689424787804,-0.05934865561246303
3.767690634538226,3.69342917207887,3.6648313756128874,-0.058966726993017554
3.8091039514203047,3.6958189761616995,3.668487242572343,-0.059008866746634615
3.826682958261131,3.6994938899935748,3.6725400824310794,-0.059178696303749646
3.8179320820285505,3.703623491618335,3.676240613309725,-0.05918066411184077
3.8006444174447567,3.707324911932405,3.6793584122002914,-0.058936127076427806
3.816392774412896,3.710332181801902,3.6828412014529044,-0.05880487940905168
3.824065726669004,3.713755648031448,3.686451210939556,-0.05869468330041961
3.837730400846291,3.717315849651605,3.6903552539214286,-0.058661658129324966
3.827553848801696,3.721204965488289,3.6938681577817407,-0.05846671522737455
3.824284091120139,3.7246297565272424,3.69719737030553,-0.058187065173978
3.8225358389266098,3.7278325691926564,3.700391448053209,-0.05784245492652429
3.849296175519841,3.730870885530874,3.704270936158844,-0.057695248481023885
3.844814255734696,3.734683837357909,3.7079205453714943,-0.057450891288848414
3.8533340090794663,3.73822299883737,3.711721038336677,-0.05722838590589514
3.8666071418976635,3.7419229209335274,3.7158059315430805,-0.05706436170498362
3.871201010907891,3.745933676354103,3.7199166424203454,-0.05688065390059107
3.8823882002984553,3.74996135259513,3.724244137300014,-0.05673007957856452
3.896706301316253,3.7542207889396835,3.7288740614247757,-0.05663231650364913
3.8705758155139725,3.7588065248417943,3.7326180775178512,-0.056272635500455456
3.85354607566917,3.762387967649752,3.7357661206311024,-0.05574042536461924
3.87618855241893,3.7652954555226996,3.739498140713772,-0.055336428125190365
3.8784662218993033,3.7688448716929877,3.7431996869112556,-0.054904626156878196
3.8663978274018707,3.7723512464360835,3.746448560358809,-0.054348328709822986
3.874113432354926,3.7753486773479805,3.749841962822704,-0.053809176003108174
3.8815637979434374,3.778498386578337,3.7533682811700007,-0.05328268824806506
3.8842406244156944,3.781786736161223,3.756882178852305,-0.05273661962455082
3.8661884690843467,3.78505381466421,3.7597663515346995,-0.05204614344227195
3.9122229854308124,3.7876258969658165,3.7639523873486054,-0.0516005722442275
3.925728652484258,3.7916105377302847,3.7684311710267466,-0.05118923866109691
3.9292733588346738,3.795903401520261,3.772895868649072,-0.05075214581080527
3.9562312600924665,3.8001705362467355,3.778051715332815,-0.050414547992792554
3.9564225927248304,3.805173791089832,3.783072534707023,-0.05002654919341547
3.974809993526911,3.810019237734103,3.7885124912169403,-0.0496814513920242
3.9695369116287527,3.815303212463607,3.7936429766367343,-0.049259275741865255
3.981922132807813,3.8202428774571517,3.799009203301724,-0.04884743198055571
3.95928819789526,3.825422953637026,3.8035380700458252,-0.04828740605583094
3.9699144838439238,3.8296986925997722,3.8082681384011683,-0.04773555236166649
3.9761239308346696,3.834179326964529,3.813058810664471,-0.04717100318429328
3.971234865059992,3.838714826968076,3.8175680673028545,-0.046549830411924266
3.9548909056553216,3.8429433178797927,3.821451560114668,-0.04583403947037106
3.964046033495298,3.846503278217573,3.8255123027176072,-0.04512518126049705
3.9611940494345954,3.850243621892466,3.829374654365128,-0.04437986640391447
3.9651845535423784,3.8537690964638944,3.833255919525016,-0.04362371753179332
3.955848484968176,3.857308587648823,3.8367422879126454,-0.042815486297282705
3.9527809979003137,3.860429641199798,3.8400396177570983,-0.04197950638584755
3.9781852076818147,3.8633491140006826,3.8440399981219335,-0.04119802611021961
4.000400116045559,3.8669962707742367,3.8486242440406864,-0.04045355046435347
4.017103481878653,3.8712440189342416,3.853603647850754,-0.03972517822764153
4.026600910135581,3.8758942036133033,3.858741326881209,-0.03899153781073998
4.037774210733707,3.880700282332338,3.8640855012718673,-0.038254794165898935
4.057507672170127,3.8857114537743613,3.869899731586222,-0.03753035225352579
4.06474409244581,3.891198241436683,3.875776802566662,-0.036789607022926614
4.070222620101691,3.8967405007798535,3.8816594690566513,-0.03602930827745414
4.06285389513073,3.902279517581299,3.8871410639206383,-0.035229331611402535
4.083957469335614,3.9073995286155516,3.8931357966036093,-0.03443613993270784
4.09567700745588,3.913035744235379,3.899330988421404,-0.03363241650053826
4.113493381060861,3.9188676587114903,3.9059149742287538,-0.03282387172895971
4.103139109903596,3.925086187965636,3.911978585137894,-0.03197758183629173
4.081934542145419,3.930767281792163,3.9171903020253906,-0.031089119320335923
4.122283930911342,3.9355774198677658,3.9235439664016516,-0.03021522696086085
4.117898315175836,3.9415360910404442,3.929572992127374,-0.029316715907293216
4.143134726391533,3.9471589960859075,3.9362377561839184,-0.028412504230256614
4.146620706787472,3.953415062820457,3.942820453036295,-0.027488995429155633
4.114637265489863,3.9595803401864074,3.948181022681545,-0.026537663354560623
4.101320175958526,3.964510914421192,3.9529572727799733,-0.025571458301070916
4.087152091640596,3.9688504466272416,3.957138741020411,-0.02459519530782352
4.11251186617755,3.9725906508572315,3.962022179962568,-0.02360987623998692
4.152927886320998,3.9770287325068843,3.9680751394347555,-0.02260753347516337
4.188441885601216,3.982628640095195,3.975104195399453,-0.02158203836694049
4.173309766520395,3.989194179479546,3.9814338335009305,-0.020549947959078003
4.158726821151369,3.9950573199715995,3.987102533782587,-0.019515897752598994
4.165424143903053,4.000258636828634,3.992823830643998,-0.018469995023216956
4.189654742026425,4.005507193008386,3.99916885298822,-0.017398474461966577
4.18418526622189,4.011367895591022,4.005147691477703,-0.016324776942600684
4.181133692294492,4.016861430349152,4.010850399824535,-0.01524885022411109
4.172231100879172,4.022077827382299,4.016093248072998,-0.01417900212944117
4.168678699274804,4.026837111812314,4.0210656363834305,-0.01311133158548725
4.095344062555184,4.031326920541915,4.023480346225855,-0.012139832265320213
4.118061088839417,4.033302519520638,4.026577161256806,-0.011139343231890255
4.120012308970678,4.035947120541271,4.029650828458937,-0.010138726179608388
4.056642695038089,4.038568515869464,4.030544958786445,-0.009244675815240452
4.113493381060861,4.039058541716876,4.033299857331507,-0.008258025898212482
4.070222620101691,4.041367481434953,4.034544967152184,-0.0073547162195077165
4.110217911378391,4.042204301630541,4.037085701505127,-0.0063800162564086665
4.119524860752399,4.044304478451676,4.039864519881002,-0.005391543362851896
4.103634609129194,4.046636514027991,4.042036934467993,-0.0044418625330283285
4.080583646972063,4.048379679555547,4.043382979747873,-0.003548654147253152
4.118711918670395,4.049322000923735,4.045965309611769,-0.0025737308457402393
4.072098953274781,4.051463672308429,4.046920673420017,-0.0017161972200761906
4.083789048282584,4.052031436945786,4.048244728589173,-0.0008356691567671839
4.091172871056465,4.052957499619872,4.049782310733519,5.764948081675081e-05
4.0881588031350145,4.054091308019484,4.051178980699157,0.0009366319839425168
4.083452121055677,4.05509068407239,4.052382281495779,0.001796368220902504
4.09016919081162,4.055905390133297,4.053781106002181,0.0026687392243020204
4.098336583491638,4.056909909078368,4.055418120887019,0.0035582585362466676
4.146620706787472,4.058144867486955,4.058633995464847,0.0045850044125269815
4.151197373814884,4.060896660146065,4.061910236557193,0.005616851360480809
4.146146060785364,4.063706513671155,4.064920772668752,0.006623483790440558
4.149936935645806,4.06626205900035,4.0679717221380685,0.007633084880380237
4.137882864236584,4.068856675873859,4.070527233416441,0.008593287560680193
4.115290326737563,4.070978182290342,4.072246599117768,0.009468126574864814
4.116432158686106,4.072302126906812,4.073957766697124,0.01033916415957822
4.127456913672303,4.0736195916207105,4.0759953183995306,0.011241245275820459
4.123903364463645,4.075249408999624,4.077855442298784,0.012121890311140663
4.139955073474153,4.07671148753328,4.080208111724134,0.013053092920702917
4.154969184038536,4.078643259924862,4.083002857492444,0.014030862986847874
4.1725394098071575,4.080996060496369,4.086312755942764,0.015064775745982695
4.150724895658208,4.0838386376472995,4.088783256281647,0.016001556078430717
4.165268900558799,4.085885719860878,4.091677088549624,0.016985331416307148
4.1837281233567865,4.088334892591442,4.095114362939084,0.018031495621577735
4.183423245305645,4.091299308113979,4.098438803286293,0.019062849166472252
4.169297415458502,4.094157583908647,4.101182556401349,0.02002203934756177
4.1725394098071575,4.096467789804339,4.103956381093319,0.020982871330494098
4.173309766520395,4.098807325194053,4.106674869388956,0.021934678296299418
4.178992036282385,4.101095603431736,4.109507599251968,0.022898818432413596
4.191168746857641,4.103492548730508,4.112673126967705,0.023903684490308656
4.1563799531415535,4.106203884051637,4.114553120810708,0.024738940012631144
4.1799104505517475,4.107706348269859,4.117185801043655,0.025670703196975148
4.193888192558362,4.109917878093176,4.120220041469894,0.026653769660150376
4.182050142641207,4.112507779388384,4.122757435323393,0.027567423805945086
4.148674906767148,4.114632207990383,4.12407398970127,0.028311373524484682
4.126166174545057,4.115612502324968,4.124581320384321,0.02893994370984988
4.14883274750617,4.115835723702677,4.125858117989121,0.029672484710949795
4.186315840760911,4.116781417924271,4.1283899808973255,0.03057933232419993
4.186467851097906,4.118903392085841,4.130852037214943,0.03147351592157448
4.189048497691398,4.12096128370298,4.133330109450312,0.03236727372912984
4.198704577546343,4.1230353836918745,4.136067584092473,0.033296128614974774
4.191168746857641,4.125353022454885,4.138463121789931,0.034171929958303
4.212423850287702,4.127352704101478,4.14152136273176,0.03514346983955659
4.2287297569205435,4.12997181584628,4.145050383223435,0.0361830648661146
4.22829253473184,4.133030946693633,4.148456541039975,0.037201553787765705
4.239742764911457,4.135976754676907,4.152154799697209,0.038262100317864874
4.234686046775173,4.139195653757496,4.155564616142121,0.03927565695627941
4.246636372564359,4.1421473497264945,4.159283965136674,0.040334666401029555
4.245490733029061,4.1453880338961735,4.162849248596537,0.041366914930557615
4.249780130512233,4.148486748276732,4.166453707651972,0.04240265751865582
4.257030144499196,4.15162305896295,4.17019873739936,0.04345804884032303
4.257454983420831,4.154891059251665,4.173842943805167,0.04449452555845854
4.274719781685373,4.158066785466637,4.1779742424226285,0.045606909370977125
4.2759714333333765,4.161695294420182,4.182020738898918,0.046702698687295326
4.259576474917317,4.165246501828189,4.185371622707342,0.04768162777658442
4.266756065129537,4.168154916569494,4.188868901498614,0.048681817322308245
4.292101927145895,4.171200116716787,4.193140028414014,0.04980767236097217
4.288402532641213,4.174962365068746,4.197149044210235,0.05088670389897349
4.281653660527095,4.178483666194687,4.200798009710127,0.051902105822341886
4.285378059618076,4.181673677162838,4.204463350041732,0.052917264050674116
4.294969802105708,4.184880173111145,4.2083490697041706,0.05396694835988121
4.279440045898781,4.188291442844426,4.2115717061809885,0.05489977935496461
4.28096243218686,4.191092446268667,4.214747520924402,0.05582148424480497
4.287303782358995,4.193851656880865,4.218046223260195,0.05676145979199172
4.308514638737202,4.19672549687675,4.221983283840694,0.0578097743858813
4.308918162853243,4.200188726629787,4.2258110166651255,0.05883564547323554
4.284689401784925,4.203552772933948,4.228671576094351,0.0596875380962453
4.269697449699962,4.206028282885829,4.230918973991593,0.060427566039687394
4.279717015849312,4.207941193354554,4.2334481013294765,0.061214952628318026
4.301494223781961,4.210114427489197,4.236661531469395,0.062122062567291206
4.296468746312235,4.212917850313099,4.239598494051142,0.06297614185794076
4.313346214368975,4.215468775059098,4.243035285598862,0.06391762139775957
4.285515734293038,4.2184800244728144,4.245388597526898,0.06465859207581348
4.268017718062014,4.220498422862916,4.247055499527516,0.06527109659040907
4.270536258640519,4.221888477128449,4.248760221381111,0.06588785802931785
4.194943760778217,4.223314427147093,4.247760103249166,0.06600270057401114
4.207673247529104,4.222262400992216,4.24724301189613,0.06620549723673572
4.24233343993555,4.2216536469731585,4.247963674762997,0.06663699329307506
4.264649766520309,4.222179276655699,4.249448538060411,0.06720909224543592
4.268017718062014,4.223405555248132,4.251006957898611,0.06779235227218113
4.267457179930745,4.2247003456541865,4.25249839478039,0.06836029632122882
4.264649766520309,4.225935075818076,4.253845934850073,0.0688983460666931
4.273745190588392,4.227039421184952,4.25547299908677,0.06948696250810536
4.290185431008302,4.228400434927725,4.257629070308451,0.07017382348795351
4.2936051730729785,4.2302460498147045,4.259838585238598,0.07086792570943652
4.257171777528256,4.232141835419833,4.260696034333113,0.07129900003430895
4.248923721667427,4.232804441949679,4.261238102325657,0.07166695057752066
4.216414691442874,4.233180198883148,4.260619837901417,0.07180807437685154
4.230331271421687,4.232498147493619,4.2605155325208095,0.07204776243859082
4.220977213155467,4.232285504793959,4.260087847327673,0.07222271508648673
4.194189897191817,4.231778742233778,4.258732176690501,0.07221458251192617
4.22038966907276,4.230426747463139,4.258348443709758,0.07239652604327804
4.234396317669857,4.229960777285171,4.258474781157649,0.07267754035219287
4.232656178019613,4.229960098240783,4.2585386269828795,0.07294442888736953
4.222591181666628,4.229903312324168,4.258247930874483,0.07313928550835502
4.205438609727688,4.229524542392802,4.257363728922253,0.07321460877033031
4.1947930335189065,4.228606294855632,4.256135197190835,0.0732201968078163
4.177612831405111,4.227375237370551,4.254342466078019,0.07311209760536674
4.151039905898646,4.2256313663373755,4.251671665267423,0.07282739777097862
4.129389903964901,4.223089247850666,4.248325390872671,0.07240705021479112
4.179604406172924,4.219932967596538,4.246868225244103,0.07236902426246763
4.208417018481948,4.218492989431122,4.246481495396156,0.0725471842739916
4.22038966907276,4.218025732510317,4.246534338910032,0.07281321292698752
4.206184043977636,4.2179583329430494,4.246085525049909,0.07297539007133363
4.226541731833486,4.217436216153683,4.246375486755358,0.07328707245062376
4.23309149689756,4.217585299614619,4.246891049708258,0.07364303254629527
4.223323943478561,4.2179399711064445,4.247046646463934,0.07392305964163846
4.224202549480315,4.217968997583436,4.247231291217707,0.07420730496549639
4.244630641232919,4.2180251654488865,4.248137104748553,0.0746384987144666
4.235120483100881,4.2187360824362115,4.248678977486848,0.07499207575674322
4.221417644785577,4.219118140836817,4.248719997805237,0.07523981367366875
4.234830879855301,4.2190471853581935,4.249238440976177,0.0755851147330898
4.218330542003092,4.21940955487752,4.249157256207613,0.07580356531097943
4.2408950047047895,4.219229631983316,4.249882474875332,0.07618881648007352
4.2512058507423305,4.2197807198306725,4.250952817650286,0.07664405272524752
4.251775570170929,4.2206452990228245,4.252011124722538,0.07709426885396814
4.28123898086119,4.221500111569624,4.2540839591274535,0.07775509934303557
4.281791848878036,4.223274255238694,4.2561112315519605,0.07840291862874212
4.274162988797936,4.225008717899813,4.25780367146183,0.07897674668259691
4.2504932447120325,4.226441791562982,4.258602071611287,0.07935857843435407
4.255470855785784,4.227067606444676,4.259553815714545,0.0797707289308484
4.27513717299578,4.227833061420671,4.261176101182369,0.08032287419040463
4.289774274968795,4.229205781112401,4.263268200141432,0.08097196203915105
4.298780886070615,4.2310044969264995,4.265614496328789,0.08167179559784227
4.3185542117183084,4.2330344732647065,4.26858965934389,0.08250219837555606
4.316153890523174,4.235634300061477,4.271384189723802,0.08328970472021664
4.310799125385514,4.238072883109265,4.273898784275407,0.08401316924546347
4.3134800921387715,4.240260476780948,4.27642853692504,0.08473611150508013
4.325191697921343,4.242463464611052,4.279294384474794,0.08552752783334629
4.348081978620944,4.244971597543577,4.2828833241391795,0.08647054503168954
4.36398994718773,4.248134300063114,4.286923036720657,0.08750593791395218
4.344584339198011,4.251706022339953,4.290140945767822,0.08835842981197521
4.35619587463936,4.254538611041681,4.29366876645432,0.08927356372037533
4.366405253770925,4.257652797634384,4.297446354402551,0.09023809146322045
4.381026134340298,4.260994425822857,4.301622688080855,0.09128419287564385
4.381026134340298,4.264697929016164,4.305663561890054,0.09229540966118448
4.379774099620588,4.2682817399465005,4.309528698121134,0.09326308864279019
4.391605609454205,4.2717094920800545,4.313690228994702,0.09429037397764506
4.403421131528038,4.275406697203422,4.318137823091422,0.09537479307053819
4.4029315953537775,4.279364141492922,4.322423212851203,0.09641805969527377
4.412070756022258,4.283177982071814,4.326895068149937,0.09749671877087503
4.423888088768799,4.287162291050654,4.331642754396018,0.09863024454882036
4.398883751740304,4.29139763161306,4.335343408102102,0.09952775930414638
4.412798293340635,4.294692614958688,4.339419998462237,0.10050325542448371
4.414130738574414,4.2983282879295395,4.343411111821447,0.10145476765712631
4.423168578005057,4.301889324448112,4.34759451314034,0.1024436681882435
4.400357591358605,4.305625749678273,4.350826867221319,0.10321723061621835
4.400112102220266,4.308508458979453,4.353944919322664,0.10396139574806211
4.404032714936497,4.311290153672205,4.357101122368922,0.10471004494485493
4.412192049005608,4.314107972544035,4.36044555127483,0.10549643811257585
4.412070756022258,4.317096957265971,4.363676219454906,0.10625336856425616
4.3766371373894435,4.31998549820262,4.365535356542001,0.10670135532013753
4.3528552573736015,4.321642148425115,4.366484130679553,0.10694432550881255
4.383650315789979,4.322481101745311,4.368502448453572,0.10742431449843619
4.391234115424795,4.324282467870032,4.370725766562476,0.10794744997390512
4.4135253017332525,4.3262693324213295,4.373672970665475,0.10862943179244726
4.382776353564427,4.32890828553624,4.375424415226505,0.1090403657119058
4.387262901469128,4.3304739908542755,4.377278868659743,0.10947213652660384
4.378144107409657,4.332133286914341,4.378746499074207,0.10981489216225605
4.378896741664954,4.333445994190841,4.380192929271686,0.11015103918021282
4.378771341953209,4.334740488299101,4.381587430745666,0.11047370567835049
4.350922889622548,4.33598914678406,4.381940184711825,0.11056045689495439
4.361951470242831,4.336302689810118,4.382675910446813,0.11073293496126269
4.3299435548036564,4.336960456671545,4.382242530564542,0.1106411643971947
4.332311042427949,4.336568556439145,4.381908207850202,0.11057227247224465
4.355939299910563,4.336265372390616,4.3824303987196025,0.11069709454683183
4.354269957628839,4.336731144559723,4.382875764944377,0.11080389692770408
4.243051882383293,4.337128236859094,4.379326421161512,0.11000690495754852
4.18737942818929,4.333939127844399,4.373901508958207,0.10878995488125116
4.180063437624638,4.329064268521207,4.368393535694554,0.10756107269863063
4.193737306100135,4.324111741365848,4.363556699730214,0.10649131245754835
4.191168746857641,4.3197584295107525,4.3587875611654745,0.10544297971315089
4.238444906195857,4.315463129977378,4.355868618608511,0.10482081975981457
4.274441423993944,4.312825399345938,4.35433528046314,0.10451716616172901
4.279162999214643,4.311429310492412,4.3530220996099676,0.10426532330251186
4.259717747786098,4.310229960841314,4.3510563595571305,0.10386632269536718
4.2694176902912275,4.3084445662581885,4.349503413098788,0.10356366411885624
4.263524590592881,4.307028419348935,4.347791181321462,0.10322640041376721
4.25589635752967,4.305468628395562,4.345862763660572,0.10284171608194051
4.257879641930999,4.303714085348574,4.344069634600309,0.10249013403068415
4.27874728521988,4.302079868904085,4.343083986630458,0.10232515434717698
4.258728418329388,4.301168790591478,4.3414142527325295,0.10200460634928173
4.2284382967028,4.299643942135352,4.338714864698439,0.10145015904215537
4.2601414466837575,4.297195160386675,4.337241405163601,0.1011797839050647
4.28123898086119,4.295843908513239,4.336573493527566,0.10109565135530722
4.2961963780686885,4.295214024198297,4.336464576874016,0.10114024039302075
4.319885238136032,4.295084953613133,4.337209267357642,0.10138053479478229
4.3254562831854875,4.295721032716278,4.3381299839645555,0.10165984429232598
4.333098961050458,4.2965155033936675,4.339295189694503,0.10199370808979741
4.33872761652873,4.297529805034005,4.340624609896502,0.1023633740759987
4.315886832169337,4.298692138808755,4.341091996694238,0.10253238966634477
4.328757705794541,4.299083131747724,4.342006275589791,0.10280334527049273
4.340423084818807,4.2998749406148455,4.343309498835023,0.10316234755971236
4.349890764643811,4.301015897348906,4.3449100289680045,0.10358779499240212
4.36792771029438,4.302424128232933,4.347105406023214,0.10414801061104187
4.362334001328145,4.304366291766472,4.349028412481152,0.10464199647451451
4.3528552573736015,4.306066020086522,4.350548608081379,0.1050399620028948
4.390366758948883,4.307406338065362,4.3533649290770535,0.10573525496880197
4.406963119963913,4.309908391527908,4.356684329282658,0.10654280314849089
4.402074329977659,4.312862785632836,4.359719344399004,0.10727971111110914
4.422448549172797,4.315564723530067,4.36338572496569,0.10815846793240301
4.440649253819643,4.318833912190623,4.367584636760728,0.1091554006286424
4.4520190064939165,4.322582217414755,4.37205335110763,0.11020894609009664
4.449101000338202,4.326574736618825,4.376270162804091,0.11119775785225754
4.432482078162375,4.330344612349499,4.379751572203323,0.11200995509496349
4.411706788775292,4.33345891430425,4.382372544204317,0.1126174647190063
4.435211888177536,4.335805296225579,4.385750720402307,0.11339729927568726
4.453882071774309,4.338830992685684,4.3896875651560245,0.11430235250752299
4.446057214331018,4.342358759740551,4.393213518854407,0.11510640962716613
4.447697327163527,4.345521285272858,4.3966818313148535,0.11589223641662408
4.460028800318421,4.3486344095483265,4.4004781715534165,0.11674972899670935
4.4596818792394854,4.3520431691683115,4.40413648040663,0.11756992283894051
4.462338536880549,4.355330756170271,4.407769082656046,0.11837920263813419
4.482437420605795,4.358597569639166,4.412003055905468,0.11932383829685038
4.503469631161752,4.362404574211029,4.416852038361824,0.12040625169763954
4.497250843768597,4.366764313418897,4.421317099747663,0.12139254526804893
4.476199804691132,4.370783577043918,4.424878149944288,0.12216183068637913
4.483341477622957,4.373996915639038,4.428577412699583,0.12295877197510283
4.4836802884003815,4.377335966533814,4.432165945296452,0.12372503915260197
4.515464272903598,4.380578151752818,4.436776760775906,0.12472567807892326
4.537961436294641,4.384736685471422,4.44204253458803,0.1258734481780037
4.502140285668547,4.389483675266845,4.445846774091158,0.1266723118167096
4.519939041625431,4.392926834020775,4.4501637106959695,0.12758635934274012
4.500254016038531,4.396830627568986,4.453629822757239,0.1282956492154874
4.502140285668547,4.399976145593623,4.457048043906048,0.12898944187685243
4.5208098373700185,4.403080777336411,4.461022870061327,0.12980948434439565
4.507447097459476,4.406684950060731,4.464385027018818,0.13048093396429913
4.510199948396864,4.409743616509884,4.467733683309387,0.13114516289974906
4.4985867005853075,4.41279204599073,4.470553037619121,0.13168120094937014
4.537961436294641,4.415369114870037,4.474692637512845,0.13252386390529047
4.607267984070237,4.419127837031064,4.4811844888141446,0.13391366562893714
4.673389424965236,4.424991507722686,4.489836501856477,0.13580231505113546
4.650239149355669,4.432789864502172,4.497369161817532,0.13741641345173458
4.719480532165502,4.4395929633322275,4.507139658331796,0.13954657569302034
4.751864565138895,4.448400641487098,4.517749414730158,0.1418609803442855
4.784570814354383,4.457964303251861,4.529182167479473,0.14435472428036666
4.654436427291009,4.468269901271481,4.535557681283362,0.14564338083119996
4.63463189613771,4.474062951372818,4.5410082475058084,0.14670648503067066
4.666265285347902,4.479033001970041,4.547413219178325,0.14798777781574896
4.61690110886379,4.484858838310364,4.551829459489603,0.14879291346608134
4.55166391846495,4.488911162967278,4.553751872607401,0.14900571640753008
4.538923540169165,4.490737390651407,4.555149864891338,0.1490937277262609
4.621535540074356,4.492095602437942,4.559468649174669,0.14986971766235796
4.635602393108293,4.496063644724866,4.564147574088673,0.15072589164160732
4.700207601322843,4.500355585018601,4.570991677417141,0.15208746944570742
4.693821883582654,4.50658426475063,4.577377075844372,0.15333246164176084
4.718409581594602,4.512406935456737,4.584432440333047,0.15472789470732834
4.695285075430352,4.518831574008771,4.590420032960314,0.1558626991140435
4.710070595813461,4.5243062430211465,4.596738108755804,0.15706855858092
4.638798366968075,4.530079278814022,4.600281200055907,0.1576116379629386
4.625462889255854,4.533376902050952,4.60322414059639,0.15800965612738951
4.66041566021407,4.536139941178914,4.607323150592418,0.158678460497541
4.590259573252337,4.539936656300896,4.608760197534977,0.15871402238640253
4.583946549536464,4.541357629519667,4.6099190227039175,0.1586836865755106
4.623402954249151,4.542530166261891,4.6124548278838295,0.15897925822182993
4.611947170267115,4.544932375135344,4.614491147452492,0.15915493304538025
4.558183394763755,4.546889290918642,4.614522822235158,0.158855325950345
4.5592309540466465,4.54705638600222,4.614587363991678,0.1585654688809689
4.582208574350744,4.547251941116589,4.61547247655775,0.15847175320452495
4.5424433560797866,4.548179412509653,4.614894350259954,0.15803228326368965
4.606669062111827,4.547799923535924,4.6166417569843965,0.15814637570527634
4.642369626977198,4.5494957612787665,4.6196119177035015,0.1585494686133123
4.667017589314171,4.552283726836922,4.623366888528675,0.15913605281470544
4.678513580212301,4.555773565726375,4.62740763036173,0.15978675647126367
4.625462889255854,4.559520194080693,4.629402741979038,0.15994859455287708
4.626833825624118,4.561442156022729,4.631377446177325,0.16010466216678076
4.634340563287871,4.563346318756587,4.633553136646693,0.1603074906721246
4.61561544384963,4.565430332167292,4.63497946684753,0.1603313983117439
4.581594449459386,4.566845856283077,4.635130874362885,0.16005279995934987
4.609261803891345,4.567123188295347,4.636268809436599,0.16001011052633818
4.611947170267115,4.568280418692703,4.637461926823341,0.15998086568752287
4.6392817156168595,4.569486754541017,4.63959525054069,0.16017505311023497
4.6341462942246086,4.571532306908313,4.641469491562115,0.16030658447100696
4.638798366968075,4.5733470966792495,4.643445344764329,0.16046149021230638
4.6141299273595635,4.5752529335752845,4.6444644670831865,0.16038827249258794
4.665512414994253,4.576305149788781,4.647294874535498,0.16074584640456924
4.6703959709057985,4.578973936346391,4.650203621633522,0.16111984622168585
4.6851821239574765,4.581713638156056,4.6535444198836595,0.16159422118837177
4.62271536520384,4.5848400222558015,4.6545231181312765,0.1615042713651973
4.589548805085134,4.585859377191205,4.6542720361201235,0.1611226318028551
4.644679319082804,4.585780793579549,4.656009182918723,0.1612161810377487
4.648229675448539,4.587475656781567,4.657812770585565,0.16132500615176418
4.68794761244566,4.5892300562618455,4.660982145805607,0.16175803567741062
4.716890435598499,4.592203705180214,4.6650844279140635,0.1624102983948441
4.697111059686448,4.5960111691253775,4.668335362528795,0.16285595151692903
4.673202596379919,4.599060671661581,4.670614415771073,0.16306759085237674
4.699479865458833,4.601244065411924,4.673759795930788,0.16348412477127955
4.703022586155596,4.60420117516826,4.676924661100718,0.16390271900538153
4.6778628713815325,4.607176838686823,4.679075321506845,0.16407728418529852
4.674696248636701,4.609248596858709,4.681036797535883,0.16420576242346935
4.6798137289838575,4.611152001627213,4.683113483144149,0.1643609229454787
4.711779921046349,4.613158555770209,4.686267909016618,0.16477183657686428
4.720550337028165,4.6161272515697505,4.689629582490795,0.16522956630331317
4.717694976829936,4.619282034425116,4.692773174226749,0.1656324943940929
4.724906867590425,4.622243505496364,4.696068212628784,0.16606900546654318
4.738826570800765,4.625341243962042,4.699751108238359,0.1665952250144462
4.755570986655616,4.628786292034949,4.703910690594829,0.1672317639153985
4.754107298762462,4.632658163282647,4.707875759133808,0.1678179471257819
4.763028270603671,4.636358281131023,4.712026497612683,0.1684447198591865
4.785656726836316,4.640225722740208,4.716850150914516,0.16922799744388886
4.779879509779905,4.644695340079692,4.7213019140510895,0.16991766658815927
4.771701056875722,4.648835377610984,4.725307571889244,0.1704966122196242
4.772801027372043,4.652579356093331,4.729215814877723,0.17104869203566614
4.755829062273205,4.656238062885724,4.732379248469675,0.1714196435740494
4.728183961883236,4.659233828989878,4.7344382107258705,0.17152479517462024
4.747103681876758,4.661245263461764,4.737105483010477,0.1717744747817272
4.682038630244668,4.663799682319044,4.737337489976046,0.17144150299895786
4.696107180980193,4.664182190189847,4.7380635338034685,0.17122861583974064
4.644294740672142,4.665004457516777,4.736895527143388,0.1705650718303361
4.620846665373099,4.664136368084661,4.7349172282836225,0.16971239728478069
4.648708488002574,4.6625434721257335,4.734002724088849,0.16911918407722007
4.667017589314171,4.661897096130871,4.7337730124321755,0.16869331208152183
4.69033819835797,4.661859875622648,4.734385943597435,0.16847142127689405
4.67292228803891,4.6625730998718495,4.734347057548796,0.1680953379191921
4.635699391022914,4.6627042008572674,4.732964782404083,0.16740086010490504
4.657667754945845,4.661635824802881,4.7324146716514015,0.16690963975939552
4.569750240756831,4.661307742193408,4.728712883169757,0.1656687263403477
4.553666343120976,4.658166837854351,4.724549968641232,0.16432563017314242
4.5976419195673,4.6546109933523026,4.722103731736098,0.1634013364029135
4.6203543213131315,4.652582530734123,4.72055195567568,0.1626967336402416
4.61719756620081,4.6513492301695285,4.71893370674334,0.1619807962927023
4.535927283245931,4.6500545798856985,4.7144386340715885,0.16058192719822378
4.541484634301958,4.646191786211503,4.7102882602971805,0.1592744442706034
4.530769863411841,4.642632385529617,4.70588538981866,0.15791501524502022
4.549340301027421,4.638843967414751,4.702292964437965,0.15675807799873168
4.599353300666526,4.635774469536854,4.700616497268789,0.15606666342501874
4.612542940317504,4.634410516894798,4.699466813136275,0.1555056692634759
4.603969465411573,4.633514398179874,4.6980428950384185,0.1548827264798997
4.5409516136614405,4.632372045841307,4.6943933543511465,0.15373155970637764
4.526451601276686,4.629242824443708,4.6903388940513135,0.15249096153596067
4.54775291511814,4.625749105796297,4.687182187053919,0.15147307831975254
4.531308337389636,4.623052474857565,4.683534427510885,0.15034428983623482
4.556924873360097,4.619914919774426,4.680926566211838,0.1494715386126492
4.550185877655332,4.617701535893561,4.678159176895116,0.14856624732857998
4.572130331909891,4.615343331873624,4.676270524797582,0.14787703875523078
4.526018747682654,4.613766197206552,4.672780844097198,0.14680918438169793
4.534962290944595,4.610759179176676,4.669725734491878,0.1458522005162741
4.496916600547837,4.608136619551548,4.665398739376347,0.14459700164371037
4.472324272654662,4.604376965503177,4.660326458014838,0.1431715132216946
4.478245492414424,4.599948994888154,4.655632496118441,0.14184575167391833
4.499031589926425,4.595854267892102,4.651839791556496,0.1407442573783889
4.4961362649639565,4.592559431008942,4.648065817881915,0.13965434220112694
4.513054897080286,4.589278091333082,4.645023614043045,0.1387466341627822
4.53828224044646,4.5866461651469415,4.642988309090114,0.13808584496441464
4.515901718229909,4.584909532266751,4.640212142421141,0.13725193257366933
4.486949554600661,4.582510288136527,4.636482980163876,0.1361952030237462
4.456206032848133,4.579258760207701,4.6317678721841835,0.1349091837221971
4.4738078677912645,4.575124923912421,4.627840642561683,0.13382012873126564
4.501031146246946,4.571689939490467,4.625021869811954,0.13300356048692547
4.504686647409769,4.5692402498472315,4.6224262001713745,0.1322456924337538
4.5038016915998025,4.566987131239361,4.619882796923077,0.13150523083618934
4.535284058523925,4.564778411428195,4.618555730913835,0.13106090473821422
4.547541073151455,4.563652177691912,4.617712433810412,0.13073533719524294
4.523851664810503,4.562956034829382,4.616042290547252,0.1302137904545468
4.526018747682654,4.561521627026879,4.614503921121397,0.1297271814753675
4.566325402164524,4.560203201439065,4.614466678759554,0.12960337700118846
4.5127258955968115,4.560221917829286,4.612498757027086,0.1290177728617648
4.48897339158558,4.558518685051417,4.609738992802391,0.12824620621415397
4.4569021693189885,4.556107663527826,4.605913987345879,0.12722434836890484
4.4599131733309525,4.552744530634365,4.602322597042089,0.12626506511056543
4.460260014192283,4.5495867296202,4.598861223272162,0.12534312815644533
4.402196841463264,4.546542064872914,4.5934218215998,0.12395305811751786
4.41968362585098,4.541730965086851,4.588791039679471,0.12276576409542837
4.458524605646606,4.537636831718594,4.585711406958143,0.12195793210956982
4.470609692592396,4.534922333376336,4.583168027208235,0.12128385614331744
4.464642950851115,4.532683631224855,4.580493028975244,0.1205825779713557
4.4779048349422155,4.530325605796057,4.578383416964403,0.12002136627799345
4.438525108579144,4.528469657525659,4.5749244369841815,0.11914027383521153
4.4398237334000985,4.5254089251360625,4.571625958288451,0.11830334675426324
4.446877606993498,4.522488731597863,4.568690048291291,0.11755875131915598
4.430102257905445,4.519889373503346,4.5652464596744915,0.11669723060636059
4.411949448325136,4.516835186192793,4.561262418016402,0.11571167424184493
4.419201988273939,4.51329660908364,4.557670968016065,0.11482661975085372
4.359908829420263,4.510105197491868,4.552062197745152,0.11346350326449756
4.333098961050458,4.505112546290957,4.5456729380328635,0.11192200410415026
4.354269957628839,4.499420033363401,4.5402574128882875,0.11062398114054157
4.397407736712184,4.494591205474111,4.536574822001301,0.10974996064368386
4.387262901469128,4.491303665707902,4.5326486745987005,0.10882316302223924
4.365897252743998,4.487796424315405,4.528082902511497,0.1077489256901354
4.415219602029645,4.483716199951116,4.525445017813868,0.10714406226505462
4.448516375942715,4.481351709269824,4.524094102870011,0.10685181971173519
4.464067345010091,4.480132885905791,4.523348422080751,0.10670665219433806
4.472666836174998,4.479452819813961,4.522937583537208,0.10664274973390384
4.514698282824016,4.479070864733339,4.5240548220721495,0.10694585610254807
4.498030310430188,4.480051101320297,4.524535133043578,0.107094197090949
4.476995847264583,4.48046436320771,4.524242257028077,0.10705607409152566
4.455044727410454,4.480188718519969,4.523168723340026,0.10683089167968528
4.476768471183568,4.479216965699182,4.522913635200264,0.10680354287224712
4.438525108579144,4.478974239028137,4.521289759834278,0.10644792979953985
4.437106500940836,4.477511098271284,4.519668894060124,0.10609533547393653
4.4075725416416205,4.4760496026537915,4.517038160542177,0.10550268338093258
4.436988192747856,4.473686743715921,4.515554538753139,0.10518913713138454
4.436869870556391,4.47234484262765,4.5141162337838825,0.10488849117966892
4.43022138352355,4.471042427515222,4.512486532005575,0.10454385349629473
4.4259238957110645,4.4695684995472185,4.510756477076739,0.10417735719536791
4.434500481934585,4.4680040983701685,4.5093931888919405,0.10390125452706486
4.462223176668158,4.46676560665062,4.509074291237969,0.10387760343828793
4.475403127929026,4.466457399122523,4.5092413866802055,0.10397075336789163
4.461415282342953,4.466582391451363,4.50889970845728,0.10394118069551454
4.447346100794524,4.466254079868476,4.5080631399839906,0.1037930072764325
4.468089645439724,4.465484484739047,4.50800215834449,0.1038319650773074
4.487062097507763,4.465405894447398,4.508627329919365,0.10403538166101221
4.467974946810247,4.4659391231563275,4.508544876852854,0.10406761294917816
4.515792374836875,4.465842101774131,4.510188409583297,0.10451398193594973
4.507888063181538,4.467283878860239,4.511493483730861,0.10487621138917526
4.477336814478207,4.468425227841185,4.511655395018615,0.10496165194107802
4.442651256490317,4.468548520600071,4.510562970877667,0.10474539471959139
4.450385972187225,4.467553843203086,4.509785881532159,0.10460624408438039
4.479153345404605,4.466839648966554,4.510071429650602,0.1047231280982936
4.444531840025279,4.467072366332327,4.509100871985559,0.10453766202012345
4.457250055911469,4.46618563803091,4.508621175236844,0.10447125485861206
4.442651256490317,4.4657359568523995,4.507632008049226,0.104282945512967
4.399375273008495,4.464831904165319,4.505117099525962,0.1037294916500065
4.383400690227026,4.462567152897688,4.5021104704594554,0.10306154154773367
4.382526509715532,4.459862432582151,4.499172431283823,0.10241438157777337
4.391110253406924,4.457216905163823,4.4966415003760565,0.10186916891089785
4.3576058601322,4.454932406548991,4.492987989987588,0.10105790171683417
4.336375289254793,4.451645583229554,4.48869124147052,0.10009740823675645
4.348081978620944,4.44778297101383,4.484959200548587,0.09927874420588603
4.360292142527875,4.44442096047917,4.481791410946223,0.09860088574731858
4.390242789445222,4.441559558135171,4.479808411858034,0.09821195712346922
4.396176057778301,4.439752352051044,4.478105815594694,0.09789288802622667
4.382651439442724,4.438193972776808,4.475973375946169,0.09747264403639386
4.344843843546165,4.436251480457643,4.472550489930844,0.09674517725141055
4.310262068444571,4.433157404315508,4.467996075352456,0.0957506389572857
4.280547465724028,4.429052514055101,4.462522953528863,0.0945418695535788
4.2708157053378795,4.424125747505113,4.456881505640231,0.09330048935212805
4.2656332579940335,4.419045394741435,4.451241293032911,0.09206743747621213
4.294287720365875,4.413962512914468,4.446821427671634,0.0911354973160234
4.323337638325202,4.409963877954658,4.443595904883199,0.0904964794207817
4.347823313332383,4.4070271867629875,4.4413608702172755,0.09009952480767404
4.332705079341171,4.404971572791854,4.438656791659945,0.089592463962724
4.310262068444571,4.40249668217213,4.435235315256726,0.08891634708157427
4.3225419878389895,4.399380805846525,4.432371190389758,0.08837849575642977
4.333755086000182,4.396759785997774,4.430007606968137,0.08796436989234085
4.359781025726562,4.394583384555683,4.428661732659231,0.08779741337097208
4.349245145149502,4.393312973420839,4.426982702525619,0.08755149769750901
4.377516479195996,4.391745095443004,4.426379692750673,0.08756568008893251
4.377516479195996,4.391135675326827,4.42579858193753,0.08758502952678833
4.370459998302416,4.390545818703787,4.424984412843999,0.08754825843154804
4.363098624788363,4.389748269886828,4.423933905342275,0.08745494118655604
4.387635873438392,4.38873994112388,4.4238041298863795,0.08758344182648274
4.34536265030229,4.388552084282015,4.422157577759869,0.08734668020874999
4.291828366755733,4.3870125467424375,4.418638673580114,0.08666158211823344
4.302983427333428,4.383803302083798,4.4156400061175525,0.08610591661316777
4.304605487705297,4.381055791523557,4.4128009678585665,0.0855922022215425
4.316420877575887,4.378448948558504,4.410483576432919,0.08520715342030726
4.322409317855379,4.37630559648437,4.408460686867141,0.0848953597901238
4.35259782398307,4.374423635447727,4.407594489730815,0.08486352104148973
4.365007629504287,4.3735718292019765,4.407206217549246,0.0849467269385217
4.383400690227026,4.373145948539833,4.407495639609969,0.0851922373698944
4.387635873438392,4.373324401611356,4.407930247602116,0.08547104323400383
4.379523504455763,4.373632991312752,4.408060351561351,0.08567486866908597
4.38962271129551,4.37367096760809,4.408552143380955,0.0859642867489611
4.402319337941644,4.374031944490014,4.409487229764792,0.08635835490821016
4.4058652241537235,4.374788914835914,4.410521236176298,0.08677363998588664
4.387511564904451,4.3756352153114975,4.4108618372604695,0.08701959850106554
4.387511564904451,4.375864644875738,4.41119319677805,0.08726174097523279
4.397899983830172,4.376086557697101,4.411889888111531,0.08759010939793525
4.3815265096322,4.3766348288117385,4.411975598030742,0.08776951622846045
4.359013860364809,4.376639448104667,4.411249312553584,0.08775261589812941
4.3715974391833425,4.37592080145802,4.4110023651485095,0.08785102196727229
4.340292766189574,4.375629375201424,4.409637635204228,0.08768015071117821
4.333361462692601,4.374341877863782,4.4080702377935195,0.08746167699628231
4.300545392805998,4.372873229036477,4.405374270365267,0.08697338009886225
4.310396359722554,4.370397968373447,4.403124346806995,0.08659544745597392
4.348857573282368,4.368318867713136,4.402336575249587,0.08657137917341312
4.365516082546892,4.367541974850261,4.402177091294298,0.08669847110000503
4.360164387816747,4.367325046237528,4.401832098396501,0.08678015125589221
4.381026134340298,4.366943134483428,4.40225218643477,0.08704518808633219
4.386143150185721,4.3672434277373755,4.402844769267788,0.08734996559266991
4.37248122183035,4.367698253279919,4.40292751801569,0.08753022519196908
4.367293635071817,4.367699525956047,4.402822597254809,0.08766420735319023
4.366151285515591,4.3675340462001015,4.402681948180341,0.08778873217541452
4.337944122103693,4.367337112781318,4.401531595082885,0.0876697532582541
4.335458998857547,4.366240537318073,4.400331683421953,0.08753963189711278
4.306629370201435,4.365099439597708,4.398134665623341,0.08717068044390165
4.3254562831854875,4.363069185262457,4.396690596774467,0.086985105119769
4.336898507056134,4.361708995155615,4.395708536453865,0.08691178521426689
4.328230210068212,4.360760074916909,4.394448635099486,0.08677215327986966
4.346269914961763,4.359563286215355,4.393882382881349,0.08680016213907668
4.354526960971297,4.35898437418974,4.3936343814065415,0.08690448892500285
4.360675308762846,4.358689217741044,4.393618127525953,0.08706384596237639
4.379398183320189,4.35860093559974,4.39427901471845,0.08738494218155025
4.389002248410307,4.35911668955827,4.395266084218997,0.08778236532068297
4.353112624509239,4.359924126593557,4.394929365549547,0.08785898923975378
4.341334840010591,4.359552774451305,4.394181363121683,0.08783624706897536
4.328625857946767,4.358815051324769,4.3930021194581546,0.08770998449482195
4.340944189572651,4.357692877457214,4.392307644858949,0.08770107455842914
4.316287392959792,4.357002430086627,4.390749683072496,0.0874846429687642
4.26955757977876,4.355542293857328,4.387561483603634,0.08687770860908965
4.215676847389625,4.352628424452681,4.382539319723912,0.0858338241510446
4.2271256734559195,4.34807808901016,4.378097754826239,0.08493628237612498
4.203647297112551,4.344042206685612,4.372959220505706,0.08387700458551639
4.2168571366974925,4.339382458480393,4.368468740159469,0.08298038803055002
4.2437698090420275,4.335297242514364,4.365098692544083,0.08235894231656554
4.262961527514942,4.332208083993337,4.362533906550122,0.08193511578072318
4.250208060053033,4.329834864614348,4.359596791148531,0.08142452402399063
4.2400309493514925,4.32712853309767,4.356392520796619,0.08085301414111978
4.289500076996142,4.324182581195469,4.355079078902239,0.0807397887657374
4.29510616264318,4.32292031637486,4.354013558447267,0.08068690023566757
4.292101927145895,4.321878701163708,4.3528775319753095,0.08061740250843012
4.310664888188185,4.320774087175938,4.352450422775999,0.08071879080073893
4.328098292648326,4.320301151181199,4.352668094734152,0.08097453867821448
4.387511564904451,4.320403226896475,4.355021796727747,0.08174217455242787
4.390986376045354,4.3224099628709105,4.357425350659182,0.08251681746681822
4.389870788696931,4.324463383650281,4.359711649548513,0.08325824543313047
4.390490713086011,4.3264145623106,4.361947041357401,0.08398262540861662
4.379147493923038,4.3283225394624925,4.363702104375178,0.08458682305360445
4.400480313332128,4.329804509391856,4.36617002057288,0.08535849246816486
4.41992435767689,4.331923636438514,4.369259113964999,0.0862745070249969
4.40720693320418,4.3345986976899376,4.371789964354608,0.08705036143543929
4.411949448325136,4.336778867339783,4.374410062215645,0.08784264199615571
4.392348183745753,4.339040859956598,4.376239256831236,0.08843962360912638
4.393213824064446,4.340600223079523,4.378041087980998,0.08902615405781418
4.37248122183035,4.342136946589409,4.37903819958604,0.08941539567423032
4.348599108561364,4.342958123719948,4.3791436744925525,0.08958772853434792
4.352983949221151,4.342985705385077,4.3794054636632485,0.08979652735195706
4.364371699435161,4.343153118957934,4.380070708803628,0.09010097889707748
4.34211568336104,4.343680754140018,4.3799138191632006,0.0902057793154508
4.306629370201435,4.343476495447165,4.378485250659499,0.09000413230387413
4.311872374750675,4.3421390699752465,4.377294584023407,0.08986099471121568
4.33872761652873,4.341013100524872,4.377112689052137,0.08996134005470474
4.324265097815334,4.340785850163708,4.376417477844618,0.08993760851309335
4.27039650600246,4.340101365446181,4.373806056540873,0.08945328045300953
4.227563406008323,4.337708857021079,4.3697394192160175,0.08862218671847912
4.226979720014808,4.334017868222177,4.365788038674205,0.08782419607127351
4.266475481513779,4.3304271738435425,4.363392295495314,0.08740543625758056
4.291417885803126,4.328220707156828,4.361976429900128,0.08722500628697571
4.298916727950875,4.32688639464005,4.360879552401558,0.08712244790870667
4.283862385886651,4.325835872807538,4.359278500898787,0.08689932281777653
4.2609883062968255,4.324335672277441,4.356908197963665,0.0864926729424644
4.2487809155265195,4.322149172227474,4.354178438195236,0.08600222592105894
4.263946679941392,4.319641091065194,4.352087441758206,0.08566855526262608
4.260423812914633,4.317700911420286,4.349940741521414,0.08532365367091879
4.2889514553941215,4.3157101042785095,4.348895041133507,0.08524573531225187
4.275832438267478,4.314699622441005,4.34741335795595,0.08506348470890225
4.272351267864781,4.3133003152550575,4.345857384167484,0.08486455150135142
4.277360322445531,4.311834257878032,4.344535508856335,0.08472320008536104
4.288402532641213,4.310576272413302,4.343657391903626,0.0846894728999163
4.307976353163715,4.309713399911334,4.34351577927983,0.08483306748141246
4.2756934238792645,4.309506883546078,4.342217825393634,0.08469766922700167
4.287166353649922,4.308270128719113,4.341378361494089,0.08467340032636288
4.242764567340374,4.307441634192061,4.338968967392042,0.08427177052280611
4.223030903183424,4.305213773938024,4.3359303993710725,0.08372144868266111
4.251348311031766,4.302423947520392,4.334014865983963,0.0834447516574281
4.274441423993944,4.300633479243686,4.332997032355472,0.08338571913945919
4.280270725719494,4.299642327898357,4.332225186529292,0.0833862219632774
4.274580612525034,4.298870254799345,4.331276132003358,0.08334410719533517
4.285515734293038,4.297940235852482,4.330754768229912,0.08340511309307742
4.268857936568244,4.297391297842089,4.329652728599838,0.08332608540060807
4.2531984503199265,4.296324978173496,4.3280251817626505,0.0831211987006552
4.209011637200227,4.294790038684466,4.324861616135977,0.0825482659474548
4.242477169723796,4.291885434634891,4.323010811257194,0.0822947368018553
4.226249633102039,4.290149223147773,4.320638860353424,0.08191752820493585
4.260000233663683,4.287947767878277,4.319563830478677,0.08185464646899981
4.2756934238792645,4.286901160106156,4.319092218633608,0.0819372810585722
4.265352359115782,4.286392198007467,4.318266008022122,0.08193410546865636
4.283862385886651,4.285567422740301,4.318136482341664,0.08209848857436848
4.2431955089544555,4.285363597051569,4.316548337077825,0.0819110352399182
4.238733464847405,4.283860179377226,4.314854329720244,0.0816993396094149
4.241902126579715,4.282261856956548,4.313332926283874,0.08153052491126277
4.21803603456465,4.280816756577084,4.3110043168821734,0.08116868593096371
4.244630641232919,4.278651695850984,4.309713414150533,0.08105874484687872
4.2487809155265195,4.277410485716534,4.308617213933922,0.08099633930204986
4.259576474917317,4.276342492367515,4.307948730151543,0.0810371972826505
4.247208700523894,4.2756555410651105,4.306859198950221,0.0809765340581089
4.274998061915358,4.274593429214857,4.306809488920656,0.08116632609161938
4.273745190588392,4.274457934520262,4.3067187642526585,0.08134502289644595
4.300952144896211,4.274286440152606,4.307613835544025,0.08175963102777799
4.289774274968795,4.274994111483037,4.30807899980343,0.08206816156831304
4.31361395198771,4.275319822106892,4.309390199744062,0.08257815161201436
4.324662317284311,4.276400510132672,4.3110585337056335,0.08317071928667116
4.340683671139499,4.277801007670668,4.3132513385455375,0.08388557178776049
4.3217457037889515,4.279670704205032,4.314691560830427,0.08441479758020481
4.305145590337924,4.280871720151853,4.315488268924955,0.08478583044852227
4.326249619204883,4.281500723998024,4.317021266021058,0.08533152665323754
4.321347323862031,4.2827870702454875,4.318329107364247,0.08581953404334301
4.326117440234365,4.2838743356787266,4.319767713981856,0.08633582297248585
4.340944189572651,4.285079583329542,4.321695085883503,0.08696630638612914
4.361823927356363,4.286721981160114,4.32431312162181,0.08775879886956289
4.37197629882038,4.288981815866619,4.327212399389084,0.0886137863097842
4.361823927356363,4.291494645320924,4.329651928758917,0.08935265949379763
4.377390906269353,4.293600209205386,4.3325735725456545,0.09020268452874088
4.384274107214361,4.296137647651458,4.335648431813235,0.09108404188240234
4.398391988760146,4.298814139590557,4.339132054228828,0.09205798643728615
4.393461012299545,4.301857545913545,4.3423244769862475,0.0929555793215507
4.371092069621102,4.304644262996777,4.3446069212978315,0.09362850157755301
4.395436321583799,4.306622551178857,4.347692594022442,0.09449023168772822
4.410006521180839,4.309318727951076,4.351202696906381,0.09544844495316354
4.400480313332128,4.31239572517466,4.3542548748564975,0.09629031094834897
4.411099882159589,4.3150673856127275,4.357590094732347,0.09719478570211895
4.427119496044782,4.3179937892577485,4.361393505665706,0.09820599126122996
4.410249593617622,4.3213401423865125,4.364464464742228,0.09903448156468969
4.413646418429337,4.324036629669623,4.367557371645491,0.09986287470570177
4.4057431612911975,4.326755108696219,4.370264265256616,0.10059305661780164
4.388257184424518,4.329131965215783,4.372252556151949,0.1011456764302634
4.369700984983244,4.330870475840444,4.373507387097438,0.10151831275686408
4.380775852772229,4.331956877785703,4.375120648215674,0.10197473414403506
4.390242789445222,4.333363839645286,4.377022518941353,0.10249760512969844
4.383525510797617,4.335029376360891,4.378620261905031,0.10294394007021557
4.377516479195996,4.336425379068902,4.3799494125448,0.10332278180858909
4.364244464878084,4.337583295905939,4.380757114352574,0.1035737554486323
4.3651347670036635,4.338277559392597,4.381570884157414,0.1038245599841563
4.375631227585021,4.338977967310375,4.382736634768347,0.1041583897978928
4.3778931033922746,4.339992829192107,4.383945993875047,0.1045005415302013
4.390490713086011,4.34104753812091,4.385569914741698,0.10494017706860351
4.395929539842873,4.342472746814558,4.387336711934639,0.10541132239973802
4.418358563921272,4.3440265896296735,4.389853824499697,0.10605986526882108
4.43970574626056,4.346250565376745,4.393057420705577,0.10686930298461392
4.454463568563388,4.349088301424912,4.396687315878388,0.10777601587829061
4.463491407656154,4.3523083687433886,4.400522882141165,0.10872631055714745
4.456089962973938,4.355714408491281,4.4039652572374575,0.10957587409774268
4.463721822403716,4.358772786839109,4.407569055629402,0.11045874847645293
4.461992416311763,4.361977532217914,4.410991561212567,0.11129229196281527
4.479153345404605,4.365023282004517,4.41491936517852,0.11224195480517912
4.47597224751641,4.368521845041238,4.418602716158662,0.11312666274668465
4.495466920896128,4.3718053142507465,4.422866687751301,0.1141452739400135
4.500031867864786,4.375608880744182,4.427154052346044,0.11516290184459964
4.506233438128068,4.37943628467932,4.431522926624079,0.11619353039723088
4.505128831807865,4.383339322096219,4.4357072735612935,0.11717309099967202
4.496024738727294,4.387080914526811,4.439424871069851,0.1180340379764569
4.480966582528785,4.3904093700537645,4.442476535943694,0.1187292354211475
4.481306198765705,4.393146810569397,4.44543904277019,0.1193984785418902
4.479266769098936,4.395806824209666,4.448229561263984,0.12002201421440861
4.486161399405889,4.398315508962535,4.451175642710714,0.12067891841154446
4.514150787600923,4.400964674329773,4.455032191396138,0.1215505370453579
4.495243706609487,4.404427257519631,4.458079244980325,0.12222180763556459
4.486386649998124,4.407170901515643,4.460705631923465,0.12278754754274612
4.467860235023485,4.4095415779975236,4.462576797822049,0.1231679773339654
4.470952843868283,4.411240792304653,4.464496661955252,0.12355765113872488
4.413404170366137,4.412984526617261,4.464278520306771,0.12343058092411685
4.392100720245356,4.412823819812561,4.463299054770408,0.12312122785992045
4.397899983830172,4.4119841796866615,4.462560033767937,0.12287171218413058
4.432363221562722,4.411357938015713,4.463086368518971,0.12292814962065103
4.4075725416416205,4.411858763442158,4.462701160243129,0.12276498325312118
4.404277243608702,4.4115473052174865,4.462209083863775,0.12257717264038746
4.458408804592688,4.411140117914901,4.463682927054088,0.12286341044489527
4.445705411337064,4.412484583629643,4.464649453260087,0.1230257744019943
4.447814375211885,4.413377722468347,4.4656591446688365,0.12319746669707232
4.46900676117522,4.414309810166608,4.467398186867931,0.123543463941577
4.481532545529913,4.415892464043324,4.469530166156184,0.12398172297515496
4.478245492414424,4.417826353329078,4.4714722821973885,0.12437147337655653
4.435804340354353,4.4195923049285435,4.471819952809631,0.12437520752297554
4.418479096676194,4.419938287732853,4.471530867510506,0.12422576840420622
4.4389975309335075,4.419716747864951,4.471989691556633,0.12425718247335647
4.413283024324436,4.420161372972643,4.47150580794487,0.12406165738424435
4.439115601658009,4.419765865326743,4.471967767926089,0.12409489105263721
4.402809173856411,4.42021280392346,4.471105274338046,0.12380935757982214
4.388257184424518,4.419479369458013,4.469745994349307,0.12340619218852868
4.383275854074314,4.418302317392146,4.468251235810878,0.12297305839522785
4.408668565620303,4.417003332283637,4.467719969179488,0.12277447067808457
4.3848975097655645,4.416561825904453,4.466348864418233,0.12237517704206895
4.389498649512583,4.4153711990599,4.465188036937535,0.12202904975851232
4.3465289823207245,4.414366818678317,4.462516460963059,0.12132180860632781
4.32161292811326,4.412014910733179,4.459034644467861,0.12042428060244233
4.327438444389479,4.408938770586694,4.45587713995342,0.1196105795279323
4.359141762136423,4.4061490532381375,4.453965741128078,0.11910186861765032
4.358885942232239,4.404467588168333,4.452107730700539,0.1186092997945836
4.3410744233424525,4.402832215386379,4.4496688045776835,0.1179802071213219
4.2916915584923006,4.400677634729721,4.445530611999537,0.11694649340990315
4.331259517620229,4.397006673482795,4.442954536403651,0.11629520476080195
4.354526960971297,4.394724975778163,4.4413016498292395,0.11587018610958547
4.3556826593342794,4.393264194646495,4.439744728575888,0.11547100700126527
4.347046915777855,4.391887699544132,4.437927820854022,0.11501188687471092
4.327702435943282,4.39027831089215,4.435473691430745,0.11440248266346736
4.318687394111793,4.388099627888636,4.4327756475293345,0.11373836720050103
4.338466519921502,4.385701759508183,4.430879336260329,0.113271393155491
4.356580613342406,4.384016517224995,4.429698301920388,0.1129794870927316
4.331391018705302,4.38296742237351,4.427648577874074,0.11248053901008184
4.307437777682809,4.3811432193532704,4.4248034640555165,0.11179352240268137
4.294833422971505,4.378608632211973,4.421598235100886,0.11102434954545762
4.284000269375321,4.375751063982019,4.418108676089217,0.11019178131912756
4.243482700225814,4.372637819956233,4.413274640582144,0.10904124317828123
4.2426208788567585,4.36832381960128,4.408569561865233,0.10792918805513839
4.268857936568244,4.364121381983,4.404965714181186,0.1070892174247803
4.270536258640519,4.360897195119422,4.401541850339738,0.10629798745868163
4.231930225174664,4.357830961660814,4.396840529598477,0.10520463817878839
4.24448722065182,4.353623827108524,4.392747604909895,0.10426471568399832
4.275415337114403,4.349955740780537,4.389905006095834,0.10363162153705031
4.273605885719461,4.347399296070654,4.387091835627532,0.10300971396064836
4.287990642747287,4.344867223455276,4.384890692823132,0.1025390474611793
4.303253953508486,4.342878818600154,4.383313044454538,0.10222139862870148
4.310127759130018,4.341444745270973,4.38203601229406,0.10197811560961449
4.304875575485466,4.340277675325,4.380612747566774,0.10170123938131703
4.300409772001559,4.338979556706643,4.379076441057069,0.10139897101250657
4.326910252115215,4.337579873374888,4.378546653899636,0.10134075335426423
4.308649164869106,4.337076400189747,4.377377241830138,0.1011290701259439
4.276249365519713,4.336002667451454,4.375079904900953,0.10064747063114789
4.274441423993944,4.333923010108583,4.3727942696440225,0.10017181098712434
4.25731339050024,4.33185236966717,4.3699679622463945,0.09956919485266373
4.2889514553941215,4.3292984405263155,4.368376078346332,0.09926739497589482
4.281653660527095,4.327842968049094,4.366574876917886,0.09891720821322683
4.3021714094244174,4.326200048575786,4.365573575408997,0.09876168739375148
4.2615524812060075,4.3252690413840895,4.363142825022552,0.09826336199891963
4.280685807012206,4.323063530573202,4.3614829495741505,0.09795368291861767
4.268857936568244,4.321543627892253,4.359452878209083,0.09755697319312985
4.277915338416487,4.319692866534492,4.35781743246243,0.09725775416350695
4.287578583130166,4.3181926656859115,4.356585424036482,0.09705751260348688
4.283862385886651,4.317051165037523,4.3552614366836115,0.09683644751350615
4.283310661734724,4.315827097551379,4.35396255292476,0.09662285500418724
4.303389189156809,4.314624756105322,4.353431325733936,0.09659528735464028
4.293878247897177,4.3141059892983105,4.352576194795254,0.0964899923835415
4.314282982587362,4.313298450946409,4.352485819057525,0.09656932175391861
4.307707101681205,4.313172218890903,4.352162729665729,0.09659216332715785
4.317221411307766,4.312838805268565,4.352194390604059,0.09670018223596617
4.346269914961763,4.312821642419418,4.353272940105838,0.09705930092332098
4.35491234218231,4.313737872798884,4.354628461058848,0.09748270706881439
4.339510497570803,4.314902017150404,4.355385382954777,0.09775938847881765
4.3522115495946965,4.315533880993904,4.356576093576796,0.09813861058424099
4.326910252115215,4.3165531858899575,4.356816894382598,0.09828689615645521
4.301223221070275,4.316726962659471,4.35612526940238,0.09820994914047612
4.280824129164719,4.3160701171895886,4.35472258126618,0.09796247406501495
4.288402532641213,4.314779286047907,4.353640458525434,0.0977937085398038
4.295515132725903,4.313773444138243,4.3528515356991715,0.09769655974443803
4.302848136796795,4.313028431884592,4.352354071964587,0.09767014422210259
4.333230220484919,4.312542907780419,4.352968959634858,0.09791144709557223
4.3408139388398075,4.313048728248086,4.353837926325674,0.09821229603956728
4.341465022917759,4.313781713330991,4.354702748081531,0.09851019559271823
4.351051830374451,4.314511886582864,4.355885517163621,0.09888263581725938
4.335458998857547,4.315526315301477,4.356468402047288,0.0991083724068571
4.351438552905858,4.316007168833429,4.357608852970382,0.09946675211286005
4.362588940781406,4.316985634648588,4.359114404781634,0.09991062162820731
4.34432476748987,4.318290560559019,4.359913065496613,0.10018158607568198
4.347823313332383,4.318966747248445,4.360812348537159,0.10047499414740242
4.355810987855469,4.3197334119030435,4.361970660630684,0.10082880088038002
4.331785418237135,4.320731805840295,4.362225884799552,0.10096309675377194
4.344973570471171,4.320926329218405,4.362948773160274,0.10120900578295448
4.359653205696989,4.321538068426517,4.364177591707687,0.10157500756971416
4.354526960971297,4.322601456739071,4.36518192795523,0.10188464056745933
4.349632566862877,4.3234658410481535,4.365977530484149,0.10214205850400304
4.370586444531326,4.324145092479238,4.367502663596449,0.10257327603037138
4.358885942232239,4.325475318300801,4.3685565516163285,0.10288834891665553
4.349115971216622,4.326386795590839,4.369224306602086,0.10310850245250379
4.361951470242831,4.326955042725931,4.370333211759426,0.1034333348580738
4.360802998222255,4.327917125919314,4.3713647786576555,0.1037374573929005
4.350277936359301,4.328811231569588,4.371983673832942,0.10394034835835637
4.350664958230868,4.329338421454682,4.3725967132546995,0.10414051415104635
4.347046915777855,4.32986098734518,4.373059760544278,0.10430330403214362
4.373238128640803,4.33025045475281,4.37445187182657,0.10468850074605932
4.391234115424795,4.331468459828097,4.37644701280535,0.1052162414900872
4.389250479763201,4.333225065700254,4.378305288123671,0.1057076376616059
4.408668565620303,4.334861233403246,4.38080234642708,0.10634948828463792
4.415582293202092,4.337068179736842,4.383466456441972,0.10702735362050181
4.397776944765114,4.33942589938488,4.385401344041634,0.10752542321236117
4.3899948043230586,4.341135663030129,4.386992234985152,0.1079375204766867
4.38414938005486,4.3425402889069495,4.388320250777111,0.10828371513253227
4.399129542573544,4.343711827147993,4.390144456749622,0.10874700949718596
4.394942859940428,4.345326627324341,4.391757780394852,0.10915657457684971
4.391729410135267,4.346754830432541,4.393202226880465,0.10952286237484314
4.411828125910671,4.348033717408229,4.395323351782409,0.1100495316102091
4.416669578117421,4.3499167915179315,4.3975489855455026,0.11059791994810268
4.433432422733782,4.351894557607115,4.400305191624259,0.11127036569699615
4.438052462936409,4.3543468229342315,4.4031368404195685,0.1119565933362333
4.45213554981903,4.356868301660343,4.4063823637753154,0.11273791504791947
4.455509411433685,4.359760673094597,4.409642136176201,0.11351759340571259
4.44886719159269,4.3626680363583965,4.412554716027633,0.11420870298251072
4.436278049505797,4.36526823953917,4.4149172380955415,0.11476302419195801
4.447814375211885,4.367380212316929,4.417617146791352,0.11539489824466444
4.436159643253809,4.369794518382585,4.419807600599674,0.11590013436883373
4.4435919903320364,4.371756609014265,4.422193158467143,0.11644901923840133
4.441002839774179,4.373894074778996,4.424406224814244,0.1169528532314417
4.440649253819643,4.375879411702872,4.426533013806438,0.1174326654790608
4.408546844483277,4.377789328931913,4.4274323377525455,0.11761412628804788
4.407938016458383,4.3786066338679115,4.428279553998786,0.11778187618969119
4.409398581469732,4.379378028337782,4.429150937368444,0.11795435026523754
4.405498990859024,4.380171454637675,4.4298525335510455,0.11808486673414449
4.4135253017332525,4.380814058293777,4.430819667860491,0.11827840511094016
4.407816206360175,4.381693714617361,4.431548622656568,0.11841339900381068
4.415824014257172,4.382361653122781,4.432541518218516,0.11861100155662826
4.420405647542997,4.383265233719873,4.433666160399294,0.11883901026455804
4.407085034014658,4.384286817567422,4.434273107486589,0.1189410198485575
4.397899983830172,4.38484765703981,4.43452847755273,0.11895780381231638
4.362334001328145,4.3850954408723135,4.433493308736124,0.11866406996110217
4.362843815257108,4.384193037691697,4.432510191734443,0.11838476225594831
4.353627160152183,4.383336165809392,4.431226956211117,0.11803508072705585
4.358502089626924,4.382210983879089,4.430161309457482,0.11774000449206394
4.357477761752469,4.381278709509474,4.4290935166782734,0.11744632709209638
4.36386266404621,4.380343656850689,4.428290648175643,0.11721827699537242
4.366912996863833,4.379643865388733,4.427623812325444,0.11702442641347298
4.354655437877749,4.379064648638907,4.426536941650846,0.11673080427663182
4.364371699435161,4.3781104931061865,4.42583572177802,0.11653184707405355
4.3522115495946965,4.3774992004903845,4.424719153049037,0.11623427853539878
4.358758007734528,4.376517130649159,4.4238750395384345,0.1160041739846062
4.366151285515591,4.375777022778029,4.423324908291808,0.11584627343068517
4.376762804998783,4.375298261471835,4.423175018187242,0.11578566640855809
4.373238128640803,4.375175765315242,4.422902778296252,0.11569602430474112
4.3651347670036635,4.374944043025051,4.422347256425916,0.1155388270160974
4.34575157880917,4.374459573224187,4.421111383413596,0.11521900710455661
4.336767728268267,4.373368256563754,4.419592388917749,0.11483316442094388
4.346787982581173,4.372023660248677,4.41848443364699,0.11454869186564513
4.373868446972418,4.371044284573253,4.418388683642119,0.11450952827925771
4.366912996863833,4.370966236234135,4.4180452765600595,0.11441105062751694
4.350793932242783,4.370667340358428,4.417132214249828,0.11417619455650005
4.340292766189574,4.369860431341409,4.415870772037462,0.11385906785446348
4.3052805704285655,4.3687423281691675,4.413389286950043,0.11325054581250438
4.291281021367136,4.366535890767196,4.410485276989084,0.11254434428834194
4.301629697601852,4.3639510789310165,4.408050100041254,0.11195549302985894
4.32068300443283,4.361782058612776,4.40638196107992,0.11155495687648413
4.32041715304219,4.360294959177256,4.404759416601723,0.1111679868751473
4.348081978620944,4.358847322419514,4.404187413218751,0.11103621205817285
4.350922889622548,4.358334880327522,4.403736763678659,0.11093448135993758
4.358630056867486,4.357930212347932,4.4035788105234515,0.11090381236262552
4.360036616782266,4.357786121363926,4.403476853471776,0.11088681100061243
4.357349646961441,4.357691848808372,4.403281541564429,0.11084746558149766
4.378520495344594,4.357514320753891,4.4038556290587385,0.11099343713569314
4.390862483336281,4.358022430131791,4.404855545919497,0.11124088498412536
4.398023007758481,4.3589105023044565,4.406080495314795,0.11154085342098612
4.3815265096322,4.359999868074878,4.406670585209892,0.11168617396879645
4.392719264212625,4.3605242741038746,4.4076445096717,0.11192287415746234
4.382901252084542,4.361391211744255,4.408232485435717,0.11206520692423666
4.384398818818937,4.361914854098198,4.4088549896861995,0.11221492101999904
4.392348183745753,4.36246968862979,4.409743346007848,0.1124276082274808
4.3899948043230586,4.363261911828711,4.4105175132438825,0.11261144950168175
4.410614091525794,4.3639529841010924,4.412009021790355,0.11296663801404883
4.40562108352751,4.36528394993672,4.413271249926506,0.1132643731338681
4.419081542624893,4.366411603891599,4.414976682990496,0.11366677899549732
4.409884962802278,4.367935152334788,4.416294242194659,0.11397327891911341
4.400848388914469,4.3691141757279714,4.417242487813165,0.11418895957667857
4.389002248410307,4.3699649352053545,4.4177323717662365,0.11429299184659156
4.395312978999615,4.370407797303706,4.4184332790663,0.11444710591013457
4.399129542573544,4.37103904613037,4.419248350856371,0.11462767951006538
4.394696037774544,4.371772499922588,4.419876525719375,0.11476212732471829
4.39247189253542,4.372339905318451,4.4204035794697205,0.11487138016185436
4.378395048439832,4.372817577554388,4.420405758608172,0.11485367707504371
4.399866552802212,4.372827758363637,4.421181321202274,0.11502210904503472
4.398146016553765,4.373527190891271,4.421869016987627,0.11516831350626636
4.364880475838911,4.374148803287871,4.421335081009949,0.11501973277647053
4.361823927356363,4.373682024755634,4.420708417775453,0.1148498128463696
4.3296801543016725,4.373132164135114,4.418944009272954,0.11440733634199667
4.338335946049148,4.371567751902267,4.417549619971393,0.11405673137687523
4.345232973844869,4.370331833580414,4.416449675399942,0.11377922395613303
4.330733340286331,4.369357320412441,4.414863483038039,0.11338656141647074
4.314817884980432,4.367948608758301,4.412756129133558,0.11287109336916021
4.302442155331039,4.366074242787796,4.410272426370812,0.11226844828794091
4.341725337900356,4.3638629313655555,4.409286281084607,0.11202991861975033
4.32280727501391,4.362984599812662,4.407651058896741,0.11163681590540091
4.284827171296749,4.3615270572884235,4.404701383622312,0.11093010177669
4.279440045898781,4.358896811832427,4.401655174432319,0.1102047550668702
4.281377226523952,4.356178454256552,4.398779596029985,0.10952515726637864
4.306359755748467,4.3536100492829055,4.396899453910244,0.10908940022179407
4.318021304697969,4.351926866284225,4.395501890091284,0.10877254476785014
4.3255885495701785,4.350672518903158,4.394423450999221,0.10853450409625712
4.362588940781406,4.349701672521383,4.394714169544505,0.10862732897864401
4.341204640153626,4.349950434872328,4.394225018179432,0.10853197091149544
4.328625857946767,4.3495043846833,4.393299067939772,0.10833216936146518
4.343675543289958,4.348668743339778,4.392946304634141,0.10827153200962336
4.324662317284311,4.348343387690938,4.391920404153345,0.1080493798518632
4.299459911016919,4.3474178984238625,4.390020617971723,0.1076184754563509
4.292785500895938,4.3457128780000325,4.387943480292827,0.10714770959388119
4.26689632742025,4.343848523181792,4.3850025272912845,0.10647222716811944
4.280547465724028,4.341212883488487,4.382651114298425,0.10594292947726813
4.3031186995690085,4.339100709331271,4.3811912159945985,0.10563150118073668
4.3329676843846965,4.337781574428337,4.380855630676202,0.10559252285396212
4.310262068444571,4.33746360703965,4.379713508541433,0.10535980274878365
4.296468746312235,4.336426672756549,4.378112660478452,0.1050182565130885
4.3130784050476105,4.334980201191253,4.377163782163914,0.10483574392638785
4.285653390016292,4.334113817282958,4.375258644076238,0.10442440848720419
4.2426208788567585,4.332394599922369,4.371866501210252,0.10365807613867313
4.2271256734559195,4.329348833891097,4.36802881014586,0.10278955036354308
4.22683374526818,4.325903710371888,4.364308184313969,0.10195481874089624
4.204394067366058,4.322560377365807,4.359902774536812,0.10096079466252571
4.2181832991257,4.318604259484726,4.356140725388378,0.10012796806948013
4.176538799848087,4.3152186421021135,4.3510034032743,0.09896975459719526
4.198704577546343,4.310604824336013,4.346835623261708,0.0980522600296199
4.221711158142542,4.30685174541857,4.343635711774993,0.09737351958341056
4.21582445975981,4.303958619842433,4.340330626630551,0.096673886887348
4.234396317669857,4.300969763758645,4.337805212492933,0.09616632761188758
4.247923650150401,4.298673762845721,4.335851972803661,0.09579968644708581
4.246779485265856,4.296886242385687,4.3339233699895905,0.09544135062047468
4.264930862797635,4.295119604846375,4.332713892664129,0.095258310333747
4.2626798770413155,4.29399286044386,4.3314646320265675,0.09506688895511896
4.242908235180575,4.2928301209238695,4.329545598568331,0.09471561061927913
4.260423812914633,4.291069862804172,4.328322523031263,0.09453400958319393
4.235988789957173,4.289928869658876,4.326260817042052,0.09415187281803812
4.207524426932059,4.288039886801341,4.323243039852726,0.09354225396506022
4.2146429502441345,4.2852976530483335,4.3205829932995385,0.09302263582299115
4.216119619148022,4.282872470242781,4.3180656036883125,0.09254070299393952
4.239742764911457,4.280572910882609,4.316484196354982,0.09228702807193324
4.244056835450428,4.279106162830854,4.315112095235866,0.09208534354429078
4.292785500895938,4.27782522170052,4.315542784864876,0.09231859009297658
4.299731391947051,4.278150485529096,4.316211109215982,0.09260748075544126
4.336898507056134,4.278688233331484,4.318198148976288,0.09321168489916277
4.290185431008302,4.2804021770659935,4.318437825842971,0.09339167756504185
4.284827171296749,4.280560498512932,4.318478010115633,0.093522518470917
4.31895370569792,4.280541543615865,4.319748035696313,0.09394832187902659
4.3154861108656375,4.281619109049203,4.320852596343557,0.09433156284331347
4.248638088989106,4.282550447474526,4.319513350231269,0.0941245118481633
4.24592050167689,4.2813047869566105,4.318121887975864,0.09390624513813267
4.249780130512233,4.280011979719866,4.316916948997491,0.09373425909789256
4.2296036282257905,4.27888477722273,4.315026291246222,0.09339845443540892
4.249066507417651,4.2771459008184145,4.313900926500021,0.09324890378612172
4.273048472104136,4.276088131914445,4.313678409085407,0.09331748409204692
4.253767035978457,4.275834616683629,4.312769988610023,0.09322064017579756
4.246206911531347,4.274969968977639,4.3116206950788545,0.09306648796686584
4.267597343922845,4.2738903511613175,4.311281674036033,0.09310822971583636
4.204394067366058,4.273532463141379,4.308677986573021,0.0926049840267774
4.2018527699373855,4.271156239192329,4.306070348036479,0.09210405402719782
4.222151266709757,4.268775017494382,4.3042819130460295,0.09180341674013899
4.231349083214389,4.267122468444396,4.302885641054431,0.0915990569055012
4.235265253278478,4.265818565661536,4.301678274307857,0.09144146042844277
4.2631023230097185,4.264682431414791,4.301515521136421,0.09153614597418079
4.270536258640519,4.26447688104226,4.301627664967706,0.09169633755129886
4.266054458421461,4.26451661940673,4.301576249027486,0.09181614871967599
4.2761104090823325,4.264411049660599,4.301890506568798,0.09202313718068049
4.250065437218876,4.2646317498725335,4.301257514716843,0.09200094189606232
4.219066431358547,4.264008790133206,4.299530074280203,0.0917156446624512
4.223323943478561,4.262410302040704,4.298014774570716,0.09148322486677062
4.227271605597732,4.261000054445103,4.2966934581191545,0.0912989719505787
4.2034978761186235,4.259762019016481,4.294560846688243,0.09092077531070189
4.236567242612494,4.257800349808314,4.2936920054212,0.09084900581374483
4.237578730308009,4.256963947849403,4.292890033753379,0.09079378613594241
4.230476736546681,4.256186935087789,4.291860373876666,0.09068415933707234
4.245204117951145,4.255206825753561,4.2913971352838365,0.09071148444448984
4.259435182087693,4.254731236404256,4.291463711460194,0.09086606774104215
4.228000947034774,4.254727942017193,4.290397126633616,0.09074709032424609
4.225957449023992,4.253715134146672,4.289293875194954,0.09062006569910752
4.224641563169959,4.252669296945672,4.2881813971873886,0.0904916462031124
4.2153815572649345,4.25161486364759,4.286773758295452,0.09029306554432977
4.2171519914836475,4.250296981817529,4.285478188368011,0.0901227294398384
4.241902126579715,4.249078402611965,4.285119022168398,0.09017873057326228
4.222297926532561,4.248693924293696,4.284067091645814,0.09006773870702593
4.2189192968037315,4.24769216131445,4.282929956190074,0.08993697295699604
4.204394067366058,4.246614131058524,4.2813087982098414,0.08969063466044258
4.220830359494875,4.245104316256734,4.280335267838681,0.08960166798052986
4.223470431430189,4.244170998199516,4.27949085007356,0.08954433394972205
4.246636372564359,4.243352495013299,4.279510888645569,0.08969529840085208
4.243626264937855,4.24330429871458,4.279423601929913,0.08981946830706505
4.2601414466837575,4.24316088807415,4.279936079690509,0.09008709281038174
4.252629541187814,4.243552401440475,4.280162712433325,0.0902842265646871
4.243482700225814,4.243689931112067,4.2800540202003186,0.09039942570980929
4.2487809155265195,4.2435291696752415,4.280141573532763,0.09056107987161838
4.239598641541604,4.243543656462874,4.27989709951663,0.09064182285643084
4.234396317669857,4.243262687185176,4.279474974465389,0.09067931168003934
4.231349083214389,4.2428236174491865,4.278958720937267,0.09069391661744079
4.243339114899988,4.242300762592022,4.278893284911746,0.09081686123994125
4.237434294689934,4.242179756461352,4.278618953476344,0.09088876264931543
4.2510633701550695,4.241872926094334,4.278846487675297,0.09108091042748734
4.256038151220088,4.242013610848229,4.279247445842913,0.09131352458807547
4.26619481914876,4.242309429050386,4.280002795850604,0.09162987044506557
4.283586561860629,4.242921792954425,4.281361500026917,0.09208928713142352
4.293332023658551,4.244072844017908,4.283028062578712,0.09261977095135336
4.289362949810462,4.245499631612053,4.284498091556828,0.09309954001833477
4.298237333944173,4.246752808344362,4.28624083081927,0.09364179001494614
4.2859286446285445,4.2482504544200035,4.287483936133528,0.09406034459995273
4.327438444389479,4.249304376004007,4.290183122729629,0.09482641191636447
4.3476939555933765,4.25165730555805,4.293524351136853,0.09574193688259854
4.335589948900293,4.254584723116086,4.2963203208537015,0.09652036984164358
4.3657702121543585,4.257028846607328,4.300112614832993,0.09753339525146944
4.365388993520859,4.260363260222294,4.303767003905769,0.09850667610057198
4.3551691805039985,4.263577733192813,4.306933454604282,0.09935627727896283
4.3292849234158215,4.2663601701308425,4.309063590031466,0.09995110114794088
4.323337638325202,4.268221449350477,4.310909999907307,0.10047382053260724
4.312408567793012,4.269831593738829,4.312302511345067,0.10088397194464314
4.3129444734864375,4.271038719621448,4.313669209195983,0.101285252586063
4.292785500895938,4.272224041443188,4.314265218042031,0.10149855619868792
4.300952144896211,4.272723638555716,4.315136646307078,0.10177672172304385
4.28524036598619,4.273469337959078,4.315413960226804,0.10191018048044705
4.286753954166449,4.273686329458587,4.315737464675066,0.1020538832386678
4.284000269375321,4.27394488127027,4.315951859282697,0.10217040933555081
4.292648823522665,4.2741066069012135,4.316471596449588,0.10235962279927387
4.286341384539473,4.274540820912551,4.316747661524548,0.10248899816926761
4.2631023230097185,4.274758409229699,4.316178002304586,0.1024141130193308
4.257171777528256,4.274222597571114,4.315414252392932,0.10229302950825203
4.2626798770413155,4.273513576555329,4.314875003795968,0.10222673081120655
4.276804998260776,4.273004294503393,4.314863338144288,0.10228776117902551
4.291554731509806,4.2729650435544615,4.315384320162449,0.10247651246359406
4.266054458421461,4.273400711318798,4.314970006240925,0.10243907332974778
4.264649766520309,4.2730033196226,4.314519544948732,0.10239318269729754
4.25858700561615,4.272573600573693,4.313866290978971,0.10229881245176797
4.274580612525034,4.2719630012915495,4.3138117090456864,0.10234905241977325
4.2801323269925415,4.27188571124588,4.313959757053759,0.10244770463144763
4.284551613290046,4.271989169147738,4.314262925359463,0.10258302746480119
4.254193263163997,4.272231172483999,4.313462937466559,0.10245213142182388
4.258445572902527,4.271490348682406,4.312843386039062,0.10236548502265733
4.23309149689756,4.270909960818263,4.311331510837998,0.1020647715472455
4.228584037430304,4.269534005994263,4.309707991777271,0.10173915614583949
4.253482783560398,4.268057662806107,4.309036135563914,0.10164455613123753
4.245060779600724,4.267428565134372,4.3080838538023825,0.10148311969460233
4.2249341319257026,4.2665492515074055,4.306438675566241,0.10115606953492755
4.223323943478561,4.265051897644486,4.30479072939077,0.10083047614859113
4.194340715380776,4.263551117390926,4.302153803195272,0.10026911783899754
4.195094465322244,4.261167921205377,4.299632137849239,0.09973912625638755
4.205289456173828,4.258885808329184,4.297562161765871,0.09932121849903272
4.184794465144173,4.257004723614519,4.29482313118068,0.09874509617908274
4.188593573125209,4.254526096268176,4.292312591748748,0.09822767153523854
4.2103482379784065,4.2522494291381,4.29067002396408,0.09792237699514966
4.193737306100135,4.250744852339529,4.288484342011674,0.09748842929170436
4.2033484327947255,4.248755311698707,4.286718387659877,0.09715825440079338
4.210199814972569,4.247138594076686,4.285258873646224,0.09690393001008632
4.203198967134183,4.245794032899895,4.283596556491722,0.09660247620959073
4.20707783220934,4.244267970744192,4.282130190738269,0.09635011075701029
4.223323943478561,4.242915672401338,4.281298948019709,0.0962521484301302
4.22361689792624,4.242128707965916,4.280507006640158,0.09616427497242905
4.235699438103303,4.2413764847715525,4.280177887601975,0.09618829384241255
4.23410650459726,4.241036509372974,4.2798035255469715,0.09620127458869716
4.243482700225814,4.240656280111897,4.279780664182023,0.09629871707729194
4.24735173134728,4.24058937542706,4.279899239289188,0.09642954669178468
4.239310332472287,4.240648816468123,4.279725398543917,0.09648919283529594
4.2694176902912275,4.240448016085259,4.280643411690547,0.09681107402625833
4.26549281841793,4.24122054119619,4.281390886734412,0.09708984691975171
4.272630207894483,4.241842012851791,4.28237204289873,0.09742301759407829
4.203946072137182,4.242672578213289,4.280847061254724,0.09715122803653195
4.126973081713828,4.241270443538788,4.276600121671002,0.09622649348552281
4.1059436980654525,4.237441477471835,4.271737070880595,0.09515956802156986
4.0873199472851365,4.233060669491334,4.2663650395014825,0.09397714244178977
4.132763672126045,4.228223086162594,4.262809481224696,0.09323930460554727
4.09551054886207,4.225001025401265,4.258030613278342,0.09221201426655787
4.119037174812473,4.220686485466944,4.254259019599304,0.09143366933721375
4.111693200556713,4.217266698224707,4.250349114782312,0.09062710804232911
4.1067670822206574,4.213721353443396,4.246392657339261,0.08981458405753559
4.134686441505479,4.210132151129953,4.243574768791514,0.08928119178227688
4.169452034708907,4.207555352141219,4.2421045512621935,0.08907541471915809
4.1444037620948375,4.206178144397947,4.239782213384236,0.0886660137660404
4.163715140146772,4.204040852872975,4.238234357706654,0.08844555498376959
4.13147976888436,4.202592643015295,4.235578026402447,0.08795990679897409
4.139795825126018,4.200155821276821,4.233311079563746,0.08757106858078485
4.143452136329128,4.198064626579461,4.231252774992563,0.08723493835529685
4.127940511650616,4.19615825050742,4.228705567816093,0.08678339450561622
4.101320175958526,4.1938151379769435,4.225285373917087,0.08612480281706922
4.064057161283644,4.190692622891685,4.2206376125380105,0.08517522018097243
4.081596989399598,4.18647406618917,4.216777636874759,0.08442128535628836
4.0654305520574585,4.182954863767,4.212464936563301,0.08356335027795017
4.045329372736371,4.179029944080221,4.207572763335831,0.08257160330980384
4.079061705357583,4.1745860335110105,4.204060126063971,0.08191811070439645
4.061649179383958,4.171368770303163,4.20003858564289,0.08114645343730997
4.0928434360958335,4.167696013542551,4.197276466689407,0.08068273118191162
4.1112016792885235,4.16514349378884,4.195269663169524,0.08040369349223384
4.120012308970678,4.163262813343237,4.193649205766725,0.08021939406900656
4.1470951276076295,4.16172565798423,4.193060740148615,0.08028451436778158
4.13804241748782,4.161107758448828,4.192168085495636,0.08027604584906477
4.113329862133181,4.160218931506781,4.190417026608806,0.0800611614477758
4.126650396974016,4.158564998858833,4.189206393810915,0.0799776596150043
4.138201945285877,4.157392108302392,4.188454590704059,0.08000506140872629
4.136126096237056,4.1566279197773905,4.187655415937324,0.08002089112205568
4.120174738923119,4.155821590091503,4.1863104592046865,0.07990534187995171
4.11414718951828,4.154528860804059,4.1847953517369785,0.07974961641423482
4.119524860752399,4.153084140152206,4.183526692739179,0.07965417952808572
4.109068957620483,4.151858617956086,4.181925815136364,0.07947945391708798
4.124550404279167,4.150336715101234,4.180938310751134,0.07945339612568106
4.109889773557563,4.14936098865455,4.179457803086947,0.07930892601392114
4.107425301760631,4.1479457804653475,4.177940060713779,0.07915643749140874
4.135486505553276,4.146496961832459,4.177486254915403,0.07926084588744527
4.14962157771194,4.145995964172997,4.177559414726584,0.07949132702622429
4.140750935036256,4.145964948129584,4.177313142614844,0.0796434798069888
4.148990563335426,4.145649904030475,4.177374516312278,0.07986864276643066
4.167904765330129,4.145609505652991,4.178117985581962,0.08025640798456556
4.162314688661368,4.1461777077698185,4.178638015503989,0.08058791304525867
4.157475843662191,4.146547899734679,4.178969033261276,0.08087180380017579
4.203198967134183,4.146750600866312,4.180939156950401,0.08154810412917142
4.1993049978585875,4.148415041560686,4.182706311319929,0.08217119534731053
4.266756065129537,4.149900563079546,4.186847922522329,0.08336136773821602
4.273466561441981,4.153504224727401,4.191096759058928,0.08456960672386944
4.315352501405889,4.157206945735625,4.196716652820865,0.08609978289437159
4.319353040145823,4.162135210624649,4.202297045799997,0.08761052720544489
4.316554344376219,4.167032757794734,4.207594125868916,0.08904332195483877
4.226979720014808,4.17168222470855,4.209490353692717,0.08964881534435197
4.164647686064525,4.17330477377652,4.209079710149325,0.08969551032823266
4.17315574264639,4.17287302442865,4.208991008374607,0.08981933849900027
4.178072777752813,4.172728353191177,4.209084203139011,0.08998611436784287
4.182355439544814,4.172746166435191,4.209330410923915,0.09018861189057702
4.176078147248771,4.1729008467632465,4.209344052568819,0.0903338563793254
4.181286492355909,4.172848838920212,4.209546663579428,0.09052361079311193
4.211386582653765,4.17296568226964,4.210828904712629,0.09097181574254222
4.204692619390966,4.17404533791629,4.2118292612799495,0.09134931052829727
4.218477763203211,4.174875069493995,4.213294940829794,0.09183627892118092
4.224348908792687,4.17612064275333,4.214925360716678,0.09235971168685037
4.2250803842111555,4.177514474709525,4.21652983686779,0.09287350717951214
4.198254025612612,4.178886718909606,4.217116196921869,0.09313908200944798
4.226103551734458,4.179353041007374,4.218688199157829,0.09364000850828824
4.186771802468027,4.180698627987049,4.218792491501361,0.0937846576481279
4.180063437624638,4.180737539936163,4.218653085940194,0.09386975167789519
4.195395806291828,4.1805596724716985,4.219072221377632,0.09408863859552385
4.212720014957422,4.180879872561002,4.220103191831867,0.09445326883165017
4.209754413732928,4.181746032711623,4.220994645894639,0.09478197493300267
4.207673247529104,4.182488913927176,4.221783036970783,0.09508375813629735
4.192831508936755,4.183140901116772,4.222011946736607,0.09524901145935225
4.178226046202803,4.183295117542199,4.22170836680031,0.09528511323266012
4.19010918420648,4.18297521985814,4.221844354278267,0.09542670929023182
4.176845783733844,4.183047206913403,4.2214992672794445,0.09545167417035717
4.200354866721424,4.182690835964251,4.222014022554334,0.09568329378367318
4.237145360853772,4.183100900802058,4.223838750808949,0.0962284963077661
4.248495242049359,4.184679201348206,4.226013413878902,0.09685432985763057
4.237867538974276,4.186570992052826,4.227734479906625,0.09736699865745466
4.20960590255719,4.188060335386761,4.228381497673098,0.09761800080888411
4.1940390562533,4.18859390194517,4.2284473749499725,0.09772759299091552
4.176845783733844,4.188610244326129,4.2278927051296815,0.09768721452832937
4.164336934042136,4.188073825287092,4.226906794231858,0.09754337225851549
4.1570063233468115,4.187152930084106,4.225690493545738,0.09734504816014851
4.1570063233468115,4.186026270496358,4.2245155766639275,0.09715796517124083
4.158257887965753,4.1849359138104605,4.223425788373977,0.09699257221495895
